Keyword,Category,Search Intent
hyaluronic acid serum,Product Type & Ingredient,High
korean face mask,Product Type & Region,High
retinol cream night,Product Type & Timing,High
organic face moisturizer,Product Type & Attribute,High
vitamin c brightening serum,Product Type & Benefit,High
anti aging cream for women,Product Type & Audience,High
acne treatment gel,Product Type & Concern,High
gentle cleanser sensitive skin,Product Type & Skin Type,High
vegan skincare products,Product Category & Attribute,Medium
natural face toner,Product Type & Attribute,Medium
peptide eye cream,Product Type & Ingredient,Medium
glycolic acid peel,Product Type & Ingredient,High
jade roller face,Tool,Medium
collagen supplement skincare,Product Type & Category,Medium
dermatologist recommended moisturizer,Product Type & Authority,High
salicylic acid cleanser,Product Type & Ingredient,High
niacinamide serum dark spots,Product Type & Concern,High
clean beauty skincare,Category & Attribute,Medium
hydrating face mask,Product Type & Benefit,High
spf 50 sunscreen face,Product Type & Specification,High
bakuchiol natural retinol,Ingredient & Attribute,Medium
skin barrier repair cream,Product Type & Benefit,High
ceramide moisturizer dry skin,Product Type & Concern,High
anti pollution face serum,Product Type & Benefit,Medium
chemical exfoliant aha,Product Type & Ingredient,Medium
vitamin e oil face,Product Type & Ingredient,Medium
microneedling roller,Tool,Medium
snail mucin essence,Product Type & Ingredient,High
face oil combination skin,Product Type & Skin Type,Medium
matcha green tea mask,Product Type & Ingredient,Medium
cbd skincare products,Category & Ingredient,Medium
sustainable beauty packaging,Category & Attribute,Low
pregnancy safe skincare,Category & Audience,High
men facial care routine,Category & Audience,Medium
dark spot corrector,Product Type & Concern,High
neck firming cream,Product Type & Concern,Medium
lip plumping serum,Product Type & Benefit,Medium
pore minimizing toner,Product Type & Benefit,High
overnight sleeping mask,Product Type & Timing,Medium
antioxidant face serum,Product Type & Benefit,High
cruelty free moisturizer,Product Type & Attribute,Medium
redness relief cream,Product Type & Concern,High
gua sha tool jade,Tool,Medium
alpha arbutin serum,Product Type & Ingredient,Medium
rice water toner,Product Type & Ingredient,Medium
teen acne treatment,Product Type & Audience,High
facial steamer professional,Tool,Medium
botanical face oil,Product Type & Attribute,Medium
hyperpigmentation treatment,Product Type & Concern,High
reef safe sunscreen,Product Type & Attribute,High
fungal acne safe products,Category & Concern,Medium
rose water spray,Product Type & Ingredient,Medium
probiotics skincare,Category & Ingredient,Medium
blue light protection cream,Product Type & Benefit,Medium
biodegradable face wipes,Product Type & Attribute,Low
vitamin k cream dark circles,Product Type & Concern,Medium
sheet mask subscription,Product Type & Service,Low
honey face wash,Product Type & Ingredient,Medium
led light therapy mask,Tool,High
multi acid peeling solution,Product Type & Ingredient,High
face massage roller,Tool,Medium
lip sleeping mask,Product Type & Timing,High
clinical strength retinol,Product Type & Attribute,High
skin brightening powder,Product Type & Benefit,Medium
pimple patch hydrocolloid,Product Type & Ingredient,High
caffeine eye cream,Product Type & Ingredient,High
squalane face oil,Product Type & Ingredient,High
copper peptide serum,Product Type & Ingredient,Medium
skin barrier strengthening,Benefit,High
glass skin routine,Benefit & Category,High
marine collagen drink,Product Type & Ingredient,Medium
face yoga exercises,Service & Category,Low
jade gua sha tool,Tool,Medium
blackhead removal mask,Product Type & Concern,High
prebiotic skincare,Category & Ingredient,Medium
keloid scar treatment,Product Type & Concern,Medium
mini fridge skincare,Tool,Low
hand cream anti aging,Product Type & Concern,Medium
neck firming device,Tool,Medium
beauty supplement collagen,Product Type & Ingredient,Medium
face oil organic,Product Type & Attribute,Medium
vitamin b3 serum,Product Type & Ingredient,Medium
skin fasting routine,Category & Trend,Low
lip barrier repair,Product Type & Benefit,Medium
blue tansy oil,Product Type & Ingredient,Medium
skin cycling routine,Category & Trend,High
fermented skincare,Category & Attribute,Medium
skin microbiome balance,Benefit & Category,Medium
adapalene gel acne,Product Type & Ingredient,High
mandelic acid toner,Product Type & Ingredient,Medium
centella asiatica cream,Product Type & Ingredient,High
mineral sunscreen zinc,Product Type & Ingredient,High
dermarolling at home,Service & Category,Medium
face massage technique,Service & Category,Low
peptide barrier cream,Product Type & Ingredient,High
bee venom mask,Product Type & Ingredient,Low
enzyme cleansing powder,Product Type & Ingredient,Medium
face yoga massage,Service & Category,Low
resveratrol night cream,Product Type & Ingredient,Medium
skin barrier protection,Benefit & Category,High
pregnancy acne treatment,Product Type & Audience,High
tamanu oil face,Product Type & Ingredient,Medium
skin cycling schedule,Category & Trend,High
face sculpting tool,Tool,Medium
double cleansing method,Category & Technique,High
bakuchiol moisturizer,Product Type & Ingredient,High
vitamin f barrier cream,Product Type & Ingredient,Medium
azelaic acid suspension,Product Type & Ingredient,High
crystal face roller,Tool,Medium